Артикул,Модель,Назва,Ціна,В наявності
FLC-037,FLA12100,Акумулятор Felicity Solar FLA12100,0,так
FLC-038,FLA12100PG2,Акумулятор Felicity Solar FLA12100PG2,0,так
FLC-039,FLA12171-EU,Акумулятор Felicity Solar FLA12171-EU,0,так
FLC-040,FLA12200,Акумулятор Felicity Solar FLA12200,0,так
FLC-041,FLA12200PG2,Акумулятор Felicity Solar FLA12200PG2,0,так
FLC-042,FLA12300,Акумулятор Felicity Solar FLA12300,0,так
FLC-043,FLA12300PG2,Акумулятор Felicity Solar FLA12300PG2,0,так
FLC-044,FLA24100,Акумулятор Felicity Solar FLA24100,0,так
FLC-045,FLA24100-EU,Акумулятор Felicity Solar FLA24100-EU,0,так
FLC-046,FLA24100PG2,Акумулятор Felicity Solar FLA24100PG2,0,так
FLC-047,FLA24100WG2,Акумулятор Felicity Solar FLA24100WG2,0,так
FLC-048,FLA24171-EU,Акумулятор Felicity Solar FLA24171-EU,0,так
FLC-049,FLA24200,Акумулятор Felicity Solar FLA24200,0,так
FLC-050,FLA24200WG2,Акумулятор Felicity Solar FLA24200WG2,0,так
FLC-051,FLA24230-EU,Акумулятор Felicity Solar FLA24230-EU,0,так
FLC-052,FLA24250,Акумулятор Felicity Solar FLA24250,0,так
FLC-053,FLA24250WG2,Акумулятор Felicity Solar FLA24250WG2,0,так
FLC-054,FLA24280-EU,Акумулятор Felicity Solar FLA24280-EU,0,так
FLC-055,FLA24300,Акумулятор Felicity Solar FLA24300,0,так
FLC-056,FLA24300WG2,Акумулятор Felicity Solar FLA24300WG2,0,так
FLC-057,FLA24460-EU,Акумулятор Felicity Solar FLA24460-EU,0,так
FLC-058,FLA24500,Акумулятор Felicity Solar FLA24500,0,так
FLC-059,FLA48100,Акумулятор Felicity Solar FLA48100,0,так
FLC-060,FLA48100-EU,Акумулятор Felicity Solar FLA48100-EU,0,так
FLC-061,FLA48100UG1,Акумулятор Felicity Solar FLA48100UG1,0,так
FLC-062,FLA48171-EU,Акумулятор Felicity Solar FLA48171-EU,0,так
FLC-063,FLA48200,Акумулятор Felicity Solar FLA48200,0,так
FLC-064,FLA48200-P,Акумулятор Felicity Solar FLA48200-P,0,так
FLC-065,FLA48230,Акумулятор Felicity Solar FLA48230,0,так
FLC-066,FLA48230-EU,Акумулятор Felicity Solar FLA48230-EU,0,так
FLC-067,FLA48250,Акумулятор Felicity Solar FLA48250,0,так
FLC-068,FLA48250-EU,Акумулятор Felicity Solar FLA48250-EU,0,так
FLC-069,FLA48280,Акумулятор Felicity Solar FLA48280,0,так
FLC-070,FLA48280-EU,Акумулятор Felicity Solar FLA48280-EU,0,так
FLC-071,FLA48300,Акумулятор Felicity Solar FLA48300,0,так
FLC-072,FLA48300-EU,Акумулятор Felicity Solar FLA48300-EU,0,так
FLC-073,FLA48300TG2,Акумулятор Felicity Solar FLA48300TG2,0,так
FLC-074,FLA48314-EU,Акумулятор Felicity Solar FLA48314-EU,0,так
FLC-075,FLA48314-PLUS,Акумулятор Felicity Solar FLA48314-PLUS,0,так
FLC-076,FLA48350TG2,Акумулятор Felicity Solar FLA48350TG2,0,так
FLC-077,FLA48460-EU,Акумулятор Felicity Solar FLA48460-EU,0,так
FLC-078,FLA48460TG2-EU,Акумулятор Felicity Solar FLA48460TG2-EU,0,так
FLC-079,FLA48500,Акумулятор Felicity Solar FLA48500,0,так
FLC-080,FLA48500TG2,Акумулятор Felicity Solar FLA48500TG2,0,так
FLC-081,FLB24100WG1,Акумулятор Felicity Solar FLB24100WG1,0,так
FLC-082,FLB24205.24230WG1,Акумулятор Felicity Solar FLB24205-24230WG1,0,так
FLC-083,FLB48100WG1,Акумулятор Felicity Solar FLB48100WG1,0,так
FLC-084,FLB48205.48230WG1,Акумулятор Felicity Solar FLB48205-48230WG1,0,так
FLC-085,FLB48314TG1,Акумулятор Felicity Solar FLB48314TG1,0,так
FLC-086,FLH48100UG1,Акумулятор Felicity Solar FLH48100UG1,0,так
FLC-087,FLH48100UG2,Акумулятор Felicity Solar FLH48100UG2,0,так
FLC-088,FLH96050SG1,Акумулятор Felicity Solar FLH96050SG1,0,так
FLC-089,FLH96050SG2,Акумулятор Felicity Solar FLH96050SG2,0,так
FLC-090,FLH96050SG2-H,Акумулятор Felicity Solar FLH96050SG2-H,0,так
FLC-091,FLS48050SG1,Акумулятор Felicity Solar FLS48050SG1,0,так
FLC-092,FLS48100SG1,Акумулятор Felicity Solar FLS48100SG1,0,так
FLC-093,FLS48100SG2,Акумулятор Felicity Solar FLS48100SG2,0,так
FLC-094,LPBA12100WG1,Акумулятор Felicity Solar LPBA12100WG1,0,так
FLC-095,LPBA12200WG1,Акумулятор Felicity Solar LPBA12200WG1,0,так
FLC-096,LPBA24100WG1,Акумулятор Felicity Solar LPBA24100WG1,0,так
FLC-097,LPBA24200WG1,Акумулятор Felicity Solar LPBA24200WG1,0,так
FLC-098,LPBA48100-OL,Акумулятор Felicity Solar LPBA48100-OL,0,так
FLC-099,LPBA48100WG1,Акумулятор Felicity Solar LPBA48100WG1,0,так
FLC-100,LPBA48200WG1,Акумулятор Felicity Solar LPBA48200WG1,0,так
FLC-101,LPBA48300TG1,Акумулятор Felicity Solar LPBA48300TG1,0,так
FLC-102,LPBA48350TG1,Акумулятор Felicity Solar LPBA48350TG1,0,так
