Модель,Назва,Ціна,Стара ціна,В наявності
IVAM6048P1G1,Гібридний інвертор Felicity Solar IVAM6048P1G1,0,,так
IVAM8048P1G1,Гібридний інвертор Felicity Solar IVAM8048P1G1,0,,так
IVBM8048P1G1,Гібридний інвертор Felicity Solar IVBM8048P1G1,0,,так
IVBM10048P1G1,Гібридний інвертор Felicity Solar IVBM10048P1G1,0,,так
IVCM1012-2024-3024 PRO,Гібридний інвертор Felicity Solar IVCM1012-2024-3024 PRO,0,,так
IVCM1012-2024-LV,Гібридний інвертор Felicity Solar IVCM1012-2024-LV,0,,так
IVCM1612P1G2-LV,Гібридний інвертор Felicity Solar IVCM1612P1G2-LV,0,,так
IVCM2012-3224P1G2,Гібридний інвертор Felicity Solar IVCM2012-3224P1G2,0,,так
IVEM3024-5048,Гібридний інвертор Felicity Solar IVEM3024-5048,0,,так
IVEM3048-5048-LV,Гібридний інвертор Felicity Solar IVEM3048-5048-LV,0,,так
IVEM4024-II,Гібридний інвертор Felicity Solar IVEM4024-II,0,,так
IVEM5048-SALV,Гібридний інвертор Felicity Solar IVEM5048-SALV,0,,так
IVEM6048,Гібридний інвертор Felicity Solar IVEM6048,0,,так
IVEM6048-II,Гібридний інвертор Felicity Solar IVEM6048-II,0,,так
IVEM6048-SAII,Гібридний інвертор Felicity Solar IVEM6048-SAII,0,,так
IVEM4024-SAII,Гібридний інвертор Felicity Solar IVEM4024-SAII,0,,так
IVEM8048,Гібридний інвертор Felicity Solar IVEM8048,0,,так
IVEM8048-II,Гібридний інвертор Felicity Solar IVEM8048-II,0,,так
IVEM12048-II,Гібридний інвертор Felicity Solar IVEM12048-II,0,,так
IVGM3~6KLP1G2,Гібридний інвертор Felicity Solar IVGM3~6KLP1G2,0,,так
IVGM5~8KLP1G1,Гібридний інвертор Felicity Solar IVGM5~8KLP1G1,0,,так
IVGM5~8KLP2G1,Гібридний інвертор Felicity Solar IVGM5~8KLP2G1,0,,так
IVGM5-8KLP2G1-SA,Гібридний інвертор Felicity Solar IVGM5-8KLP2G1-SA,0,,так
IVGM5K-6KLP1G1,Гібридний інвертор Felicity Solar IVGM5K-6KLP1G1,0,,так
IVGM8~25KHP3G3,Гібридний інвертор Felicity Solar IVGM8~25KHP3G3,0,,так
IVGM8KLP2G1-SALL,Гібридний інвертор Felicity Solar IVGM8KLP2G1-SALL,0,,так
IVGM8KLP2G1-US,Гібридний інвертор Felicity Solar IVGM8KLP2G1-US,0,,так
IVGM10~20KLP3G1,Гібридний інвертор Felicity Solar IVGM10~20KLP3G1,0,,так
IVGM30KHP3G2,Гібридний інвертор Felicity Solar IVGM30KHP3G2,0,,так
IVGM50KHP3G1,Гібридний інвертор Felicity Solar IVGM50KHP3G1,0,,так
IVGM50KHP3G2,Гібридний інвертор Felicity Solar IVGM50KHP3G2,0,,так
IVGM125KHP3G1,Гібридний інвертор Felicity Solar IVGM125KHP3G1,0,,так
IVGM5048,Гібридний інвертор Felicity Solar IVGM5048,0,,так
T-REX-10KHP3G01,Гібридний інвертор Felicity Solar T-REX-10KHP3G01,0,,так
T-REX-10KLP3G01,Гібридний інвертор Felicity Solar T-REX-10KLP3G01,0,,так
T-REX-50KHP3G01,Гібридний інвертор Felicity Solar T-REX-50KHP3G01,0,,так
